id,text,word,pejorative
61201,avevo chiesto a mia madre di andare al mc domani e lei ha dovuto dirlo per forza a mio padre e ora lui mi ha urlato contro che sono una balena e che faccio schifo,balena,1
61202,@grignanipage In c‚Ä¶ alla balena üåàüåà,balena,0
61203,"RT @ArditoAspetto: @UNIREDPILL Ahahahahahah. Una balena che detta le condizioni. 1,70 senza tacchi e 120 kili senza mutande. ",balena,1
61204,@brina444 quanto cazzo mangi porco due sei na balena pe spende 80‚Ç¨  de cena de routine,balena,1
61205,RT @donvitorap: metafora di GIGA elefante formica o balena ha cervello cento giga umani ha 3 giga ahahah SCEMI SCEMI come la canzone di Vasco,balena,0
61206,"@UNIREDPILL La balena spiaggiata e pure vecchia, sta a fare la schizzinosa ma manco i vucumpr√† della spiaggia se la pigliano.",balena,1
61207,@__MrsUoma__ In realt√† lo uso pochissimo..di tanto in tanto mi balena l'idea di buttarlo gi√π..,balena,0
61208,"@meandmilli Per quando non mi piaccia, bisogna dire che si √® girata cos√¨ quando ha sentito dire da Micol che forse non pu√≤ indossare nessuno dei tre vestiti perch√© √® diventata una balena (cito testuali parole)",balena,1
61209,"Ma micol, come fai a dire che sei una balena?\nSe bellissima ‚ù§Ô∏è #incorvassi #gfvip",balena,1
61210,"@meandmilli Si √® girata cos√¨ al suo ""sono una balena"", questa volta la faccia era identica alla mia üòÇ",balena,1
61211,@Ileniastellaa Perch√© dice di essere una balena,balena,1
61212,povera cucciola ha detto che non sa se le stanno bene perch√© si sente una balena ü•≤\n#incorvassi #GFvip https://t.co/60dVw5HQLG,balena,1
61213,"Ma quale balena, se √® dimagrita un botto ü§¶üèº‚Äç‚ôÄÔ∏è #INCORVASSI",balena,1
61214,Micol se dici ancora di essere diventata una balena ti vengo a picchiareeee #incorvassi,balena,1
61215,Micol che dice che non sa quale vestito le stara' bene perch√© √® diventata una Balena #incorvassi,balena,1
61216,"Nel video una balena spiaggiata sulle coste di Long Island. Nell'ultimo mese sono sette i cetacei trovati sulle rive degli stati di New York e New Jersey, alcuni danno la colpa ai lavori di preparazione dell'eolico offshore https://t.co/dlxXZiyZQA",balena,0
61217,@sonoilgrinch persona pi√π felice del mondo. Faccio ancora fatica a guardarmi allo specchio perch√© vedo sempre quella ‚Äúbalena‚Äù come mi definivano e inizio solo ora a sbloccarmi nel parlare con le persone,balena,1
61218,la riunione\nfissare\npiovere-pioggia\nflauto\ndeciso-decidere\ncominciare/camminare\ninsistere-insistito\nesprimere/espresso\nprodurre-prodotto\nspegnere/chiudere\naccendere-acceso\nspegnere-spento\nprestare/ridare\noltre/altro\ndomanda/risposta\nannullare\ncilindro\npesca/pesce\npiccante\nbalena,balena,0
61219,"@fillequisiffle mi par il minimo, sto bisticciando col mio comune perch√© la mettano dove sto: sostanzialmente in culo alla balena ü§£",balena,0
61220,@eretico_l @modamanager @laperlaneranera @Anna302478978 @SmitArianna @lisargadata @Victoria_Wet @Dorayak56884206 @PaolaSimonin @Charles96432447 @avinumalkeinu @Overbite71 @ACCEDIALSITO @Luky_Alfio3945 @MariaFi27832951 @francobaietti @d_essere @armidmar @digibaby @ilbuonpaztore @MarcoLu41052677 @Giovanni7769 @LONG00885513 @Th3P3ck @sedicizero @bevilatazza @Emanuelesecond @LuciusV72261299 @Gabriel05470893 @Maya51031588 @Silvia26143094 @vincenz94704898 @fracci_carlo @pdnetwork @M5S_Senato @LegaSalvini @M5S_Camera @articoloUnoMDP @ItaliaViva @GiuseppeConteIT @ladyonorato @Pierferdinando @GiorgiaMeloni @robersperanza @berlusconi @GuidoCrosetto @Antonio_Tajani Tutti gli ometti del presidente.. la Balena nuota in aree pericolose\n La Nancy Gambino √®  nei guai.. Contano sulla Mafia. #MessinaDenaro era il cavallo dei figli di troia per fare uscire i boss.Strategia del Terrore? Pare che la Capua abbia chiesto aiutoü¶ã\nhttps://t.co/BC6x5AyrCs,balena,0
61221,In quanti sogni e mani scivolavano pagine di memoria -\nOpera di V. Balena.\nhttps://t.co/URGbzEt1vm\n\n@zuccaro_sonia @pa_raffa @CarmelaCusmai\n@PCattoretti @vitadaMaestra_ @SiMu2021\n@IlvaMenchini @IvoMandarino @UnmondodilibriC\n#BuongiornoATutti @MicScianca \nhttps://t.co/T6GEjpCfA5 https://t.co/JiJWkLzjPm,balena,0
61222,"#Cristianit√†\n‚ö†Ô∏èvietatoüö´\n-üê¨üê≥üêãü¶à delfino, balena, orca, squalo \n(in #giappone li mangiano)\n\n‚ö†Ô∏èvietatoüö´\n\n- üêôü¶ëü¶êüç§ü¶ûü¶Äü•üüêö polipo, seppia, gamberi, gamberetti, aragosta, granchio, vongole, cozze\n(paesi sud asiatici lo mangiano per tradizione, paesi occidentali come trend)",balena,0
61223,"Musica &amp; divertimento, Manuela Bollani ospite dei Gioved√¨ della Balena https://t.co/sPw9Bo6Lk5",balena,0
61224,@fabcet Vero. Ma almeno nella balena bianca i ministri non sparavano boiate in continuazione ü§¨,balena,0
61225,Manuela Bollani il 2 febbraio ospite ai Gioved√¨ della Balena a Rosignano Solvay https://t.co/zUqBDymBhg #show #showtime #febbraio #ArtistOnTwitter,balena,0
61226,"tra donne poi √® uno schifo sentire certe battutine ""sono grossa mamma mia ho le gambe da balena"" ed erano magre vabb√® chiudevo un occhio per√≤ poi diventava anche pesante la cosa",balena,1
61227,"@diehexe68 Non perderti gli stupendi particolari invernali da fotografare, mi raccomando; ogni scatto racconta una storia \n(Devo dire che mi st√≥ appassionando, gi√† mi balena l'idea si prendere una reflex...) \nBuona giornata üíôüå∏",balena,0
61228,Manuela Bollani ai Gioved√¨ della Balena https://t.co/jv9kznZeFw via @Oltrelecolonne,balena,0
61229,unica cosa bella √® che ha detto che pesa 60kg adesso quindi peso meno di lei anche se sembro una balena üòç,balena,1
61230,"@pap1pap ""Guarda Pap, una balena!""",balena,0
61231,"@pasqualevatino @Rossy_only @Daje77 Hai ragione, e mi mancavano pure, anche se sono altrusta, se trovassi qualcuna, dono tutto il grasso di balenaüòÇ",balena,1
61232,@paola_demicheli Evviva la balena bianca di buona memoria!! Quante volte vi dovete  spiaggiare prima di rendervi conto che siete troppo diversi e non trovate contenuti condivisibili intorno ai quali consolidarvi e ricostruire?Non perdete + tempo e trovate una nuova classe dirigente.,balena,0
61233,"In #Giappone spunta la carne di balena nei distributori automatici, polemiche dagli animalisti\nhttps://t.co/qyKuGo935p via @LaStampa",balena,0
61234,"P. Manuel Jo√£o, comboniano\nRiflessione domenicale\ndalla bocca della mia balena, la sla\nLa nostra croce √® il pulpito della Parola\n\nLE OTTO PORTE DEL REGNO\nIV Domenica del Tempo ordinario (A)\nhttps://t.co/kDjqlXnudx",balena,0
61235,Uno squalo balena fa uno spuntino veloce.üêã\n https://t.co/A85V5Io0Js,balena,0
61236,"@PdorKmerson ""fanno salire"", I mean. Il senso √® che i giganteschi uccelli-simha portavano ai loro nidi come prede balene (timi √® un grande pesce balena-like) ed elefanti.",balena,0
61237,"Sono di nuovo una balena, ma i denti si stanno sbiancando e sono una bimba felice ü•∫",balena,1
61238,@dsaltari @perelaa Rigorosamente da indossare in abbinamento agli occhialini stile Kanye in osso di balena https://t.co/C6ejpZdrDE,balena,0
61239,"""Le balene non cantano perch√© hanno una risposta, cantano perch√© hanno una canzone.""\nGregory Colbert\nIn Giappone un'azienda ha reso disponibile carne di balena nei distributori automatici \n#whale #whales #Japan #naturelover #art #artworks #arte #artists #draw #draws #drawing https://t.co/P6sXuQhjIs",balena,0
61240,Giappone: carne di balena acquistabile nei distributori automatici - https://t.co/cQhrh1LZ81 https://t.co/eijebyLBDd,balena,0
61241,@1V4vendetta anche noe ' dell arca e jona nella balena..mose' pure era ucraino ... forse pure jesu' ahahaü§™ü§™,balena,0
61242,Quanto sei vecchio!! Perche non torniamo alle lampade con il grasso di balena ! https://t.co/0DQEWBAwoN,balena,0
61243,"#100GiorniDiCoseBelle\n\nHerman Melville - Moby Dick \n\nCome pu√≤ evadere il prigioniero se non aprendosi un varco attraverso il muro? Per me, la balena bianca √® quel muro. Talvolta penso che al di l√† non ci sia nulla. Ma mi basta. Mi occupa, mi colma",balena,0
61244,@ilpitagora @matteosalvinimi Quando ti balena in mente che dalla ramanzina senza pena per furto puoi rischiare di farti 20/30 anni per omicidio vedi come cambi atteggiamento... son tutti buoni con i figli sotto i treni degli altri!,balena,0
61245,Oggi ritorno in piscina dopo 12 giorni senza fare nulla. Se non faccio la balena poco ci manca,balena,1
61246,E' una... Balena che ha perso l'orientamento üòÇ\n(o √® una furbastra che ha voluto far parlare di s√©) https://t.co/jMzJ57Xmcv,balena,1
61247,@drvcarys_ @Dysagyo_ Tra il non normalizzare e il dargli della balena ci sta l‚Äôoceano pacifico.,balena,1
61248,"@borghi_claudio Non lo deve spiegare a noi.\nNoi elettori, in buona parte, lo sapevamo gi√†\nNon √® che per distinguere una balena da un pero serva una laurea in biologia o almeno un diploma da perito agrario.\nTremaglia fraintese il ""me ne frego"" degli italiani all'estero e altri si sono organizzati",balena,0
61249,"Ancora sta balena, ogni volta che apre bocca √® un aborto https://t.co/JzL7dtvfci",balena,1
61250,"@KasperReloaded La consapevolezza rende esausti e non sarebbe un riposo quello che ti balena in mente ma una rinuncia a essere te stesso.Non si pu√≤. Qualunque sia la fine la dovrai vivere proprio perch√© non hai accettato  la comodit√† del pensiero uniforme, dell'omologazione, cercando la Verit√†.",balena,0
10001,"""Che nome c'ha questo piatto?"" \n""La mia Pathong"" \n""E com'√® la tua PathonK?""\n""Colorata, speziata... Acida. Come me""",acida,1
10002,"Io proprio non vorrei fare sempre la parte di quella acida e lo so che tutti i miei tweet sono polemici, per√≤ NO. GOD. NO. https://t.co/K5PxxrtQ3I",acida,1
10003,"@Rossie9Isabella Patate con carne:\n Patate - 1 kg\n Uovo - 2-3 pezzi.\n Farina - 4-5 cucchiai.  l.\n Carne (maiale, manzo, ecc.) - 500 g\n Cipolle - 1-2 pezzi.\n Sale - a piacere\n Pepe - a piacere\n Olio vegetale per friggere\n Panna acida (per servire) - a piacere",acida,0
10004,@ConfortiTiziana Sembri la sorella gemella di Renato Brunetta. Uguali!! Ora capisco perch√© sei cos√¨ acida. La vita con te √® stata ingiusta. Ma non te la puoi prendere con gli altri per√≤. Lavora su te stessa e magari in futuro riuscirai ad approcciarti al prossimo senza cattiveria. https://t.co/VGVIBp4GeE,acida,1
10005,@solojuventuss @5e323d2f9d32427 Acida la nonnina...niente lasagna e niente...ma si chiudiamola quiüòÇüòÇ,acida,1
10006,@f_rodognino A me no. Semplicemente allora √® fuori luogo il tuo primo tweet. Comunque meno acida ‚ù§Ô∏è,acida,1
10007,"@Ponkia3 Ripeto, passa oltre. Grazie. Vai a a sfogare la tua repressione altrove. A me fa ridere e trovo che rappresenti la realta quindi me ne frego se √® un Photoshop. Ti disturba la cosa? √à il mio profilo e faccio come mi pare. Vai, passa oltre. Sci√≤ sci√≤, pussa via acida!",acida,1
10008,"@musicaddicted__ @juventusfc Di nulla.\nDel resto, tu sei juventina acida, io incazzato e rancoroso, siamo ben assortiti.\nüòÅ üòÅ",acida,1
10009,@NoahM21366026 @granatiere1906 @Antone2lo_ @Gabgar71 @ZZiliani Troppo acida. Conduci sicuramente una brutta vita se vuoi conosco qualcuno del tuo paese che potrebbe aiutarti.,acida,1
10010,@smirkdrew Xch√® avr√† dato una risposta acida a lui,acida,0
10011,"@FabrizioDamian2 @pestapere In seconda battuta occorrer√† un'altra conferenza a Riad,come pure in Cassazione. \nIl giudice fiorentino ha fatto buon governo della legge,precisando che la satira anche acida √® lecita nei confronti dei politici.\nSpiace per voi renziani ma vi dovete abituare alle sconfitte legali.",acida,0
10012,@CarloMossa Vorrei tornare a prima del 2 Gennaio...Milord...ero meno...acida...ora mi pare di esser diventa come...il gretto..che os√≤...farmi la morale per dei twitt..,acida,1
10013,@_sommario_ probabilmente se le √® sognate oppure considera come ‚Äúlitigata‚Äù quando ogni tanto tira una risposta acida üíÄ,acida,0
10014,"@stanzaselvaggia C'avrei scommesso che la leccaculo di Travaglio e  acida donnetta avrebbe scritto simile boiata\nVede oca selvaggia, c'√® un modo intelligente per fare satira ed uno da bimbomichia\nComunque mi fa piacere che il giudice abbia sollevato Travaglio dal pagare l'ennesima calunnia -&gt;",acida,1
10015,"@Sacri71 @silupescu Macch√®, barbabietole e panna acida per fare la zuppa.",acida,0
10016,@silupescu Che acida e antipatica quella coi capelli in tinta con la giacca che mostra la magliettina viola.,acida,1
10017,@cindygooo Una grande sorella e' particolarmente acida con Oriana persino nel tono.vergognosi,acida,1
10018,Non ho capito il disprezzo di questa donna per la cognata che si √® seduta a tavola per la prima volta in vita sua con la sua famiglia...una vecchia zitellona acida üò†üò†üò†üò†\n#Yali√áapkini https://t.co/b9scfrpzgX,acida,1
10019,@ricckardsummer Infatti √® inesistente ogni tanto apre bocca per dire delle cattiverie √® acida come quel speudo moroso,acida,1
10020,"@worldernest @alwaysmyself87 Sarebbe un‚Äôidea, almeno sarebbe meno acida ü§£ü§£ü§£",acida,1
10021,@pisto_gol Per cui ‚Ä¶‚Ä¶.Che vita acida che devi avere .\n√à una bellissima giornata fatti una passeggiata invece di pensare sempre alla tua ossessione .,acida,0
10022,Troppo idiota non la sopporto pi√π.\nMa d'altronde la capisco una vecchia acida zitella che si crede ancora appetibile e nessuno la calcola. https://t.co/CkEi66tMB4,acida,1
10023,Obiettivo: trovare un posto a Modena che venda birra acida,acida,0
10024,@ARSlav4 @Ingestibile79 @gildacana Si nasconde dietro la foto di un quadro perch√© √® una grassona orribile! Acida e frustrata e venduta ai russi,acida,1
10025,"#BuongiornoATutti da @CasaLettori con il\n\n""Papanasi""\n\nOriginario della Romania \n\ndolce fritto farcito con formaggio fresco e panna leggermente acida.\nServito con un una bella colata di marmellata ai mirtilli e una spolverata di zucchero a velo.\n\n#TripudioDiSapori a #CasaLettori https://t.co/vxNe4nsilx",acida,0
10026,@gommothceccogm1 √à BRUTTA FUORI E DENTRO QUELLA ZITELLA ACIDA!!!,acida,1
10027,acida-muriatico: Vale di pi√π un ‚Äúmi manchi‚Äù detto dopo anni o un ‚Äúci sono sempre‚Äù ? ~ Mecna https://t.co/TQ0bBzTaDC,acida,0
10028,"@itsxandree @sparklelemony Puoi citare quanto vuoi la frase di Gianmarco, per altro infondata, ma √® innegabile come sia stata fuori luogo e con una intenzione non pienamente ironica, affermata da te ""acida"".\nSe poi vedo pure i like alle tue colleghe uno fa 2 + 2",acida,0
10029,@M25016096 Ci hanno dato addosso in una maniera rabbiosa e acida. Noi non dimentichiamo di certo. Ma sono convinto che la vita stessa gli dar√† una lezione.,acida,0
10030,@FioralbaI Ma questi √® birra acida artigianale,acida,0
10031,"@Vale41229116 Perch√© ti vogliono fuori tutti ,,sei una persona acida ,,lo vuoi capire o no..... Nn piaci a nessuno,,,,luned√¨ entrer√† il tuo Gianluca  e farete il siparietto alla Alex belli e moglie ...tutto calcolato a puntino ,,cos√¨ farai ancora pi√π schifo",acida,1
10032,@agggenzia Manca giusto la panna acida,acida,0
10033,#FoscaInnocenti #Fosca2 ma sar√† stata la sorella di viani??? e che ha provato anche ad ucciderlo??? √® sempre stata acida e abbastanza cattiva!!,acida,1
10034,odiando il fatto che qualcuno un giorno si √® alzato e ha deciso di mimare con la bocca e smorfie acida dei prozac+ su tiktok con tanto di commenti di 15enni ‚Äúpensavo di conoscerla solo io‚Äù no franca √® pi√π vecchia di te sta canzone  üò™,acida,0
10035,"@sole24ore . molti  burini   ignoranti tra i... ""Kapo'  on the net"";\ntempo f√†  un mio commento sulla Dea Egizia (e poi \nRomana )Isis/Iside suscito'  un'  acida  reazione da un \ntanghero che pensava che stessi  parlando male  del\nCaliffato,Daes etc e dei  Musulmani in genere....\nergo......",acida,0
10036,@semplicementeec Dai non fare l‚Äôacida prendila cos√¨ n modo migliore,acida,1
10037,|| un anno di questa piccola serpe acida ü§ß https://t.co/4O6jVqtDUm,acida,1
10038,@lucreziacampolo @suami_leone si lucrezia sei molto acida,acida,1
10039,@Iosonolagomma Ha 40 anni e sei la tipica stronzetta acida annoiata e un po‚Äô rosicona.,acida,1
10040,"@theblondes4 Infatti,si vede che √® cattiva acida verso Antonella,poi con Edo.D lo consola ,lo abbraccia e gli parla con la voce da bambina!!Micol vomitevoleü§Æü§Æü§Æü§Æ",acida,1
10041,@Zohan_Zhoe Pesce con panna acida √® da gourmet!!!,acida,0
10042,"@sparklelemony Che la mia battuta fosse acida √® pi√π che vero ma √® ironia, che possa piacere o meno, ma ho avuto la decenza di farlo su un argomento gi√† discusso in casetta e che commentava le clip montate e mandate in onda. Non ho messo # n√® nome perch√© non mi interessava colpire lei",acida,0
10043,"@estancaa2 Ma io lo sapevo dall‚Äôinizio che fosse di ‚Äúcattivo gusto‚Äù ma essendo che √® una cosa detta e ridetta dai ragazzi stessi in casetta ci si pu√≤ fare ironia, per quanto acida possa risultare. Sono altri commenti che sto leggendo che fanno schifo e fanno intendere altro, non il mio",acida,0
10044,@estancaa2 No potresti incazzarti per come la fanno passare e non per una battuta ironica (che fosse acida non lo nego assolutamente) che hai voluto intendere a modo tuo vedendoci pi√π di quanto io avevo inteso,acida,0
10045,"@RosyilCapo Ecco acida proprio no, ma leggermente speziata why not?",acida,0
10046,"@sbrigabeghe Voleva fare quella acida e pungente, le hanno detto che ha toppato e non riesce ad accettarlo quindi peggiora le cose per via della sua arroganza.",acida,1
10047,@ChiaraColosimo  ammazza che acida!!,acida,1
10048,"La priorit√† fino ad oggi √® stata quella di saltare da un letto e un uomo all'altro ma chi va con lo zoppo, zoppica (oriana);improvvisamente non essendoci riuscita nell'intento, si ricorda di avere dei figli. Si.Sono acida perch√© io le donne cos√¨ le schifo e abbiamo la stessa et√† https://t.co/EOZQaU514s",acida,1
10049,@MasterChef_it @SkyItalia @NOWTV_It Meglio lui di quella acida di Sara!,acida,1
10050,"@gommothceccogm1 Acida, la bruttezza non ha importanza ma l‚Äô arroganza e l‚Äô acidit√† sono insopportabili",acida,1
70001,@mrsmommare Vuoi il mio piede dentro rispondi cagna!,cagna,1
70002,"@ka_dge Si in questo caso si usa il verbo tenere, invece di avere, specialmente in Campania! \n‚Äòtengo 'a cazzimma e faccio tutto quello che mi va\npecch√® so blues e nun voglio cagn√†‚Äô üé∂üéµ",cagna,0
70003,Ma com si Bell fatt guard tu tien o zuccr rind o cor tu tien o ben rind o cor tu Ca quan tagg cunusciut me regalat o ben me fatt addivinta chi√π femmn t vules ricr nu cagna Maj e nu darett a niscun sul o cor t Ric chell Ca pruov tu si bellez e si ben t vogli ben assaj e fa cos bon,cagna,0
70004,@serenasummerss cagna,cagna,1
70005,"@BungaBu72537413 @LibertaMario Perch√© un koglione come te non √® in grado di capire la differenza tra stupratore e donna vittima. E come dice il tuo Nick, siete pochi ma buoni figli della cagna russa. Talmente koglione che neanche la Wagner ti prenderebbe come scopamico. AGENDA2023 cos√¨ ti trovi in compagnia",cagna,1
70006,Se lo ricordasse quella cagna! https://t.co/4lA0qvtt53,cagna,1
70007,"@RossiniBetty 1 pugno dentro quel culo da puttana,troia cagna in calore",cagna,1
70008,Oriana e Daniele devono mettersi d‚Äôaccordo su chi √® il cane/cagna e chi il padrone/padrona\n\n#oriana #GFvip https://t.co/3fCV6JwU0M,cagna,0
70009,"@ClownWorld_ ƒΩaudacia di questa cagna, veramente quando non sapete cucinare, √® sempre meglio non sprecare cibo, porca miseria e vaffanculo, porcacciona!",cagna,1
70010,@dettellina11 Peccato oggi l ha scampata quella cagna,cagna,1
70011,@Pat_Zago @Leoncina1971 E la cagna cosa magna?,cagna,0
70012,"@ElisaeTh19 No , una mia amica .. la sua cagna a fatto 5 cuccioli , Labrador marroni .\nLa mia √® nera ma ha gia 5 anni",cagna,0
70013,@Marzia_Tortora Credo che tu parli solo smentiscono e scrivimi cagna,cagna,1
70014,@Marzia_Tortora Non solo in culo troia di una cagna in calore\nNon mi posso iscrivere in nessun sito ma sono un gran porco con un bel cazzo scrivjmi se lo vuoi,cagna,1
70015,@errefnt Ma feelin cosa? Sei una cagna,cagna,1
70016,"Bastardi, chiamo da Reggio Emilia, sono un assassino di meridionali. Vi ammazzo tutti bastardi pezzi di merda. Porcodio a tutti i napoletani romani di merda stronzi, siete della gente che viene schiacciata come topi maledetti stronzi figli di una cagna in calore. Io vi sp..",cagna,1
70017,@R0ByX @AlfioKrancic Noi siamo fatti con lo stampino? Dite le stesse cose tutti come un comandamento e saremmo fatti noi con lo stampino. Cerebroleso te l'ho gia detto novax lo vai a dire a quella cagna che ti ha partorito,cagna,1
70018,@FinallyMichele Cagna maledetta,cagna,1
70019,@cathevillareal non voglio una cagna un cane ce l‚Äôho giaaaa,cagna,0
70020,"@laura_pampers Hai perfettamente ragione, una cagna in calore per essere precisi",cagna,1
70021,@aMonicaBellucci Che cagna!,cagna,1
70022,@FinallyMichele Qui c‚Äô√® del disrispetto per la cagna e Stanis,cagna,1
70023,"Niente, non li mollo anche dopo che sborrano, devo continuare a dargli i bacini.. üòçü•∞ https://t.co/wVOVe0FKW7\nhttps://t.co/BQP0dg0tuz non vedo l‚Äôora di farvi vedere i piselloni romani‚Ä¶ üê∑ Ti aspetto dentro, iscriviti! #troiaitaliana #pornoamatoriale #cagna https://t.co/a9OovfQQKL",cagna,1
70024,@IannuzziSilvano @IvanBiancoNeroJ @Pistogolblasta2 üòÇüòÇüòÇüòÇ per vincere uno scudetto vi siete inventati farsopoli e parli‚Ä¶ torna nelle fogne aborto di cagna malriuscito,cagna,1
70025,@RossiniBetty Brava cagna in calore!!!...PUTTANA!!!...cos√¨ si f√†...bevi tutto e spalmatene un p√≤ in quella faccia da troia...e poi s√¨...piscio...a ancora piscio...in tutto in corpo da puttana..e 1 bella leccata di culo che farai...troia...facci eccitare,cagna,1
70026,La povera Corinna Negri veniva chiamata cagna maledetta per una recitazione di questo livello https://t.co/qzYBuKJPJe,cagna,1
70027,"@regina_dicuor Visto che sei na cagna, probabilmente la lasagna.",cagna,1
70028,@Andrea93932 @Profilo20221 Chi sei tu per dure cagna e zoccola alle persone? \nO dire a lui che nn ha cervello che √® deficiente? .chi cazz sei tu!!!,cagna,1
70029,"@Profilo20221 @Andrea93932 Zoccola cagna cessa , senza cervello demente .. si scherza?eh no!",cagna,1
70030,"@Andrea93932 @Profilo20221 Tu come ti permetti di dire cagna zoccola ec ecc e a lui senza cervello ecc ecc \nAccanna,!! \nSemini odio per il nulla .\nChe commenti beceri che fai . \nSi chiama educazione!!!",cagna,1
70031,@Profilo20221 Senti il rumore dei baci ..che cagna in calore che √® sta schifosa,cagna,1
70032,@CeeAnna20 Vediamola in funzione cagna,cagna,1
70033,@gieipeg1 Non sei una vera cagna se non pompi in discoteca,cagna,1
70034,abbai pure cagna?,cagna,1
70035,"@dadegre Nel giro siamo passati dai miei nipoti e si √® scofanato mezza ciotola dei crocchi della loro cagna‚Ä¶erano stati lasciati in giro e sai com‚Äô√®, servivano per ristorarsi",cagna,0
70036,@Uberbored_80 auguri cagna maledetta! üòçüòçüòç,cagna,1
70037,@mraverage_it @colombomauro @AndrewPattone Io me lo ricordavo un po' meno cagna ü§î,cagna,1
70038,@masterpharaon90 @GianniTo1966 Cagna a me??? Razza di randagie senza pudore!,cagna,1
70039,#cagna #mistressmilano #dungeonmilano #sexsado #slave \n#schaivodimerda prelevato per adorare la #padrona e la sua amica #leatherdom https://t.co/iFiNA11W0K,cagna,1
70040,nn riesco a trovare il video di Chiara D'Alessandro in cui dice cagna uouououo ti fai le goccioline di pip√¨ addosso cagna auuuuuuuuuu sicuramente sar√† una live ma quale delle tante ke ha fatto,cagna,1
70041,#cagna pronta per essere ‚Ä¶? \n#slave #schiavodimerda #sexsado #bdms #strapon #gayleather https://t.co/A2cuobyO1G,cagna,1
70042,@nessdimportante La mia cagna allego foto https://t.co/TrESO3vZnD,cagna,0
70043,@Barbara00507780 Ti ha fatto lui la foto? Sei una cagna,cagna,1
70044,Francesco Merola - Cosimo Livello Alto - Napule nun cagn√† https://t.co/PNdXrnSAYN via @YouTube,cagna,0
70045,@ARCHI01001100 @Jessica07476852 E tutta una truffa falsi organizzato dalla cagna n calore che si fa pure inculare dai negri,cagna,1
70046,@RossiniBetty Facci vedere la tua faccia sborrata...cagna,cagna,1
70047,Sta cagna infame: prende ordini dagli stragisti (al secolo chi l ha messa dove sta dopo la #InculatadiFini e si inventa il pericolo #terrorismo le figlia di nessuno.\n#GiorgiaMeloni\n#GovernodelaPuttanella\n#56esimiBerlusOcculto\n#mafia #politica #massoneria\n\nhttps://t.co/6r68Cji5v6,cagna,1
70048,"""ma dai tutt* sono rimast* devastat* da ice merchants chiss√† com'√®"" dissi io, prima di vedere ice merchants, inconsapevole del fatto che avrei sofferto come una cagna alla visione dello stesso",cagna,0
70049,"@alevilla1978 Che Shelton abbia una cagna (cos√¨ come Rune) l‚Äôho notato anch‚Äôio. Anche Jannik sembrava cos√¨ nel 2019-20 rispetto a Zverev medverev Rublev‚Ä¶ \nSimone caratterialmente √® uno un po‚Äô ‚Äúclickbait‚Äù, poi si entusiasma facilmente e se lo perde anche velocemente.",cagna,0
70050,"@majewsky2000 valorizziamo le nuove frontiere del marketing Made in Naples... come disse qualcuno ""Napule √® comm'e na vota, ma tutte ricene che add√† cagn√†""... c'√® qualcuno che continua a non essere d'accordo, e fa di testa sua...",cagna,0
90001,@alwaysmyself87 Perch√© non ti fai uno spurgo al cervello? Non hai un cesso dove infilarti sotto lo sciacquone?,cesso,0
90002,@karsmj La cosa pi√π surreale √® che li shippano ancora bohhhh ma se quello √® un cesso,cesso,1
90003,"Spero che presto Oriana inizi a vedere Daniele per quello che realmente √®, un ratto cesso #orianistas sono stufa https://t.co/ux7GwleE43",cesso,1
90004,MAMMA MIA REGA ERO AL CESSO E VI STAVO LEGGENDO MI AVETE FATTO VENIRE UN COLPO #oriele,cesso,0
90005,daniele sei un cesso con queste battute stop riprenditi,cesso,1
90006,Deve essere sempre cesso daniele non c sta nient a fa,cesso,1
90007,"@gas_lerner Non sono una fallita e lavoro come tutti, Non me ne frega un cazzo dei soldi, vivo le mie giornate e la soddisfazione non arriva dal lavoro. E ho deliberatamente scelto di non usare i miei titoli di studio. Che posso anche buttarli gi√π per il cesso. Saluti ne",cesso,0
90008,pure il parrucchiere si √® reso conto che √® durato due ore il bacio vediamo se dopo fa il cesso oppure glielo dice https://t.co/dzHkVGSYFe,cesso,1
90009,ma che vuol dire che hanno litigato ma io non mi posso alzare manco 1 secondo per andare al@cesso #oriele,cesso,0
90010,Sono quell‚Äôamico che non ti manda le foto al cesso ma ti manda le foto del cesso dove ha appena cagato.,cesso,0
90011,nn posso nemmeno dire tanto era un cesso perche invece e un fico pazzesco. ma tu puoi ridurti cosi mio dio bestia k fastidio mi fa prudere le mani,cesso,1
90012,"@Chiaratw28 @visegrad24 @KamilBortniczuk Quindi i russi normali magari quelli che non possono scappare e che non hanno il cesso in casa devono subire le sanzioni, invece quelli ricchi e famosi possono andare alle olimpiadi?",cesso,0
90013,"@bts__haruman squallida sarai tu, l'unica volta che l'hanno chiamata pr giocare e lo hanno fatto apposta insistendo pure, ha fatto bene, almeno abbassa le ali quel  cesso!",cesso,1
90014,devo andare al cesso portandomi il telefono sia mai che christian fa il decimo tweet in 5 minuti o alex dica frasi che solo lui stesso sa decifrare,cesso,0
90015,Questo  fa il cesso e poi pretende pure che sia lei ad andare da lui. Boh #uominiedonne https://t.co/Y2cIgsydY4,cesso,1
90016,"@provax922 √à doppiamente coglione perch√© lo sapeva che Carola se ne sarebbe andata. Se sperava in una dichiarazione d‚Äôamore, la provocazione doveva essere ben diversa. Che ratto cesso!",cesso,1
90017,che coraggio baciare quel cesso intasato di tacazzi #gfvip,cesso,1
90018,@gicarestik2 Che cesso di persona Orianana ü§¢ü§¢ü§¢,cesso,1
90019,@Mov5Stelle Attenzione parle il campione del mondo delle cazzate. Zitti zitti ascoltiamolo. Io lo faccio sul cesso. Mi stimola,cesso,0
90020,rocco ti devi vergognare non si invalidano i sentimenti delle persone cos√¨ SEI UN CESSO\n#cepostaperte,cesso,1
90021,dai che cesso che fa finta di non ricordare,cesso,1
90022,@Silvia00072 Una caduta devi fare in cesso pieno di merda,cesso,0
90023,@hortominnesota Joe hai mai provato a mettere la testa nel cesso,cesso,0
90024,@PeppinInter Un cesso vivente,cesso,1
90025,@karikatura2609_ B√® le telecamere ci sono si chiama grande fratello tavassone de merda ...chiudi il cesso che c'√® una gran puzza de merdaüí©üí©üí©üí©üöΩüöΩüöΩüöΩ,cesso,0
90026,@yooncyTV Esci dal cesso che devo cagareüòí,cesso,0
90027,@NicolaPorro Le fanno presentare Sanremo pur essendo un cesso e si lamenta del razzismo. Allucinante.,cesso,1
90028,"@agambella Soldi buttati nel cesso, bastava un ago",cesso,0
90029,@sh3stroia per√≤ almeno il cesso chiudilo,cesso,0
90030,@mariamacina Oppure spara citazioni in giudizio ad capocchiam al modico prezzo di 72mila euro\nüßªüßªCarta da cesso un po' cara...\nüßª üßª altro che rotoloni che non finiscono mai...,cesso,0
90031,"@SalvOasi Un letto merdoso, un anno buttato nel cesso, non trovare lavoro se non sei militesente, la ragazza che ti lascia, far finta di rispettare degli imbecilli perch√© hanno un disegno diverso sulla spalla o pi√π stelle sotto al basco.\nRicorda quando avevamo 20 anni, unico lato positivo.",cesso,0
90032,@luana14275 @MangelaVilo Che cesso,cesso,1
90033,@fradicidigioia e tu una subumana che difende un cesso subumano,cesso,1
90034,"cazzo si apre la busta era pure brutto il tipo,se fosse stato un bonazzo gi√† un pensiero ci stava ma era pure cesso",cesso,1
90035,Antonino (giustamente) SCHIFATO! Che cesso demmerda Edobau ü§Æ #gfvip #teamspina https://t.co/Lywl3K9KvH,cesso,1
90036,@HSkelsen E poi li butti nel cesso.,cesso,0
90037,@gicarestik2 Beh detta da lui che √® un cesso üòÇüòÇüòÇüòÇüòÇüòÇüòÇüòÇüòÇüòÇüòÇüòÇüòÇüòÇ,cesso,1
90038,"Con il pianto abbiamo messo l'ultima spunta ai clich√© dell'uomo cesso, ratto che tradisce tutte le donne della sua vita. #cepostaperte",cesso,1
90039,"@RiccardoLuppino e tu moglie sta sotto terra, cesso blatta",cesso,1
90040,"Eh niente, ti hanno battezzato con l‚Äôacqua del cesso",cesso,0
90041,Tafalso non perde occasione di denigrare Antonella. 38anni buttati nel cesso #Gfvip  #donnalisi,cesso,0
90042,maria anche se provasse qualcosa non merita quel cesso al suo fianco #cepostaperte,cesso,1
90043,@AuGabriella3 @Mov5Stelle @Massimi07355017 @MicheleGubitosa Non sapevo che il cesso avesse bisogno dello scalda letto! A meno che il tuo letto non sia un cesso! üòÇüòÇ,cesso,0
90044,@AnacletoMitrag2 A me mi si intasa pure il cesso in continuazione.,cesso,0
90045,Quando si dice che gli opposti si attraggono LEI ICONICA LUI UN RATTO\nLEI BONA LUI UN CESSO\nLEI SLAY LUI SCAPPATO DI CASA #cepostaperte,cesso,1
90046,@TolliVincenzo Sono andati nel cesso,cesso,0
90047,Ah mo il cesso ratto si ricorda di lei .... #MareFuori3,cesso,1
90048,@uunformat √à Daniele che √® cesso stasera ü§£ per quello lo vediamo diverso Luca ‚ö∞Ô∏è,cesso,1
90049,@janavel7 @vfeltri Piuttosto mi lavo i denti con lo scopino del cesso,cesso,0
90050,@platonizd Edobau √® un cesso enormeü§Æ,cesso,1
17001,"@CucchiRiccardo Dottore, il problema √® che LEI STESSA non si accetta! Infatti usa una PARRUCCA! ODIA addirittura i suoi capelli CRESPI! Ha persino finto di essere LESBICA! E' un PRODOTTO INVENTATO! E ne √® consapevole! \nNOI NON SIAMO RAZZISTI, NON LO SIAMO MAI STATI! Sono loro che ci ODIANO!",lesbica,0
17002,@_GrayDorian E quando ti ritrovi la nebra o gialla od a pois o purtroppo bianca ma  almeno lesbica ed ignorante a decidere della tua salute √® SCIENZAH ! Se non √® autoparodia √® un kojone!,lesbica,0
17003,e io questa volta le dir√≤ s√¨ sono lesbica dai per√≤ superiamola,lesbica,0
17004,buonanotte la vita come la conosciamo non sar√† pi√π la stessa quando domani mattina andr√≤ a rewatchare everything everywhere all at once con mia madre che mi dir√† l'ennesima frase sul fatto che non devo avere paura di dirle che sono lesbica lei mi vuole bene a prescindere,lesbica,0
17005,"@Dayne999 Intanto,visto che √® dichiaratamente lesbica,dovrebbe spiegare come farebbe ad avere un bambino senza l'aiutino di un maschietto o del suo semino!Con solo met√† dell'apparato riproduttivo a disposizione non ci fa granch√©.Certo lo pu√≤ sempre ""comprare""e pu√≤ anche scegliere il colore",lesbica,0
17006,@auromanca lesbica ti ci vedrei,lesbica,1
17007,"basta ragazze vi supplico divento lesbica vasta farmi vedere video di sto carmine, non mi sottoporr√≤ mai ai napoletani https://t.co/uh28XzlksN",lesbica,0
17008,"@ColuiDi Lesbica non vuol dire sterile.\nMagari non le piacer√† ma ti assicuro che se qualcuno glielo stronca nel baugigi (parliamo di Rai 1), resta incinta.",lesbica,0
17009,@PBerizzi @repubblica √à lesbica... Ma che pennivendolo √®?,lesbica,1
17010,"Per una persona come me (donna, lesbica e vegetariana, per dirne qualcuna) non √® facile frequentare luoghi come la palestra. La frequento solo perch√© mi piace molto allenarmi e le attrezzature le trovo solo l√¨, ma ne ho gi√† cambiata una e quella in cui vado adesso √® davvero",lesbica,0
17011,Voglio diventare lesbica ed amare le donne,lesbica,0
17012,"Con un bacio cos√¨ io diventerei lesbica... Cmq lui ci √® rimasto, √® rimasto spiazzato e solo dopo ha iniziato a dire no... X me si mangia le mani di cosa si √® perso ü§£ \n#nikiters #gfvip",lesbica,0
17013,e ci sono ancora persone che non hanno capito che √® lesbica e dicono se solo ciro fosse vivo magari ora starebbero insieme BO https://t.co/qNPOHYeF4Q,lesbica,0
17014,Tra l'altro √® pure lesbica https://t.co/piggCHjlFo,lesbica,1
17015,"@repubblica Incredibile che neanche lei voglia un figlio nero. Che razzista. Ma poi √® lesbica, come farebbe?",lesbica,0
17016,@Cristin70683700 ma non ha detto di essere lesbica?,lesbica,0
17017,amo anche se non sono lesbica ma bi ti capisco benissimo ü•π https://t.co/H3tgI597fm,lesbica,0
17018,"@ColuiDi √® lesbica, mica sterile",lesbica,0
17019,"@SkyTG24 Ma lei non era lesbica? Perch√© tira in ballo il razzismo quando non c'entra assolutamente niente?\n\nCon tutto il rispetto ma questa ragazza non sta bene con la testa, ha bisogno di aiuto.",lesbica,1
17020,Bf di @petic_grizzly guardando i fratelli haitani dice che Ran non sembra una ragazza ma Rindou sembra una ragazza lesbica,lesbica,1
17021,@lvnstov che schifo sei lesbica,lesbica,1
17022,e invece l'ha fatto . purtroppo kirk deve stare sempre in mezzo ai coglioni e comunque sam √® lesbica https://t.co/gXkZCP0qow,lesbica,0
17023,@ColuiDi Non sa neanche lei cos'√® se lesbica o bisex ..,lesbica,1
17024,"NON SONO LESBICA, IDIOTA.\nE NON RIVERSARE SU ME,\nPENSIERI TUOI.\nNON MIEI.\nüëãüèªüö™üñïüèª‚ÄºÔ∏è https://t.co/hDebm6Ci4C",lesbica,0
17025,"Joe Biden mi ha inviato un messaggio pochi minuti fa quando sono andato in banca, una lesbica mi si √® avvicinata nel parcheggio della banca BBVA e mi ha detto che non dovevo dimenticare di portare la biancheria intima durante il mio viaggio.",lesbica,1
17026,"Questa ha un serio problema esistenziale! Dopo aver mentito sul suo essere lesbica, √® evidente che ODIA ESSERE NERA, usa anche una PARRUCCA! Quale schifo hai vissuto? Giochi nella NAZIONALE ITALIANA, sei invitata DAPPERTUTTO! Sei RAZZISTA verso la tua stessa razza,fatti curare! https://t.co/0egOMdza4A",lesbica,0
17027,@B4DVASS Non fare la lesbica,lesbica,1
17028,@neelvuoto perch√© sei lesbica?,lesbica,1
17029,"@_GrayDorian Il kojone gramellini dia il suo posto di ""giornalista"" ben pagato ad una nera possibilmente lesbica senza rompere i kojoni",lesbica,1
17030,Sono cos√¨ lesbica per Valentina Romani,lesbica,0
17031,@adrianobusolin Ma se √® lesbica cosa le interessa della gravidanza?,lesbica,0
17032,@repubblica Basta con questa disagiata che ha problemi persino con il colore della sua pelle. La sciamola libera di fare la maestrina del nulla altrove.poi di che figlio parla √® pure lesbica.,lesbica,1
17033,"Carin…ô √® carin…ô, e ho mezza dozzina di amiche che l…ô sposerebbero domani.\nPer√≤ nessuna di queste √®, ecco,\nlesbica. https://t.co/Hm70f4YFmX",lesbica,0
17034,"@EzioAud46286532 @ColuiDi No lei non era bisex, si dichiarava lesbica, poi ha trovato un soyboy ed √® diventata fluida.\nOra aspettiamo che si giri le altre lettere di LGBTQXYZABC++.",lesbica,0
17035,"@Pasqual63670773 Ah non sapevo che fosse lesbica... adesso √® ancora pi√π chiaro il ""post su un possibile figlio di colore""ü§®ü§ê",lesbica,0
17036,@ilgiornale Paolina....hai dichiarato di essere stata lesbica....ora che hai conosciuto il sesso maschile...prendi le pastiglie anti gravidanza... cos√¨ eviti che il nascituro sia come la maglia della Juventus.,lesbica,0
17037,@middleagewome La bionda di satana comincia gi√† facendo la lesbica amo vederlo,lesbica,0
17038,No vabb√® ma ormai Maria ha deciso di fare la lesbica anche a c‚Äô√® posta #cepostaperte,lesbica,0
17039,@LaStampa Ma se √® lesbica.,lesbica,0
17040,"@NicolaPorro Voi avete rotto le palle: una Donna, Italiana, di Colore, Lesbica e Intelligente √® insopportabile per i vostri mediocri stereotipi",lesbica,0
17041,@ColuiDi √à lesbica solo quando deve fare proclami per il PD. Sta con un uomo.,lesbica,1
17042,"@geg93626969 @Scootigera √à bisex, non lesbica.",lesbica,0
17043,Noooo √® una lesbica verace ü•∞ü•∞ https://t.co/arbA84Phqk,lesbica,0
17044,vivr√≤ sapendo che nemmeno questa volta avr√≤ la c1 di albedo che cerco da due anni perch√© sto risparmiando per una lesbica che forse uscir√† tra due anni o addirittura non sar√† playable ora sbocco,lesbica,1
17045,@asthepoetsay_ e io sono lesbica per√≤,lesbica,0
17046,"@Maedhros67 Visto che √® lesbica pu√≤ adottarne uno bianco, possibilmente ucraino",lesbica,0
17047,@ColuiDi Lesbica non √® sinonimo di sterile.\nPollo.,lesbica,0
17048,Quando lei parla spagnolo io divento sempre pi√π lesbica ormai #oriele,lesbica,0
17049,@Jennymineira Vuoi essere mia moglie pussy love carola trans lesbica squirting bocca,lesbica,1
17050,@Pasqual63670773 Ah √® pure lesbica?,lesbica,0
21001,Questi sono cos√¨ simili porca vacca #oriele lang:it,vacca,0
21002,@paolo_caciolli Perch√® hai mai visto una Vacca cacare?,vacca,0
21003,@MicheleAngeril Due stronzi cacati dalla stessa vacca ü§Æü§Æ,vacca,1
21004,Ragazzi sondi essere logorroico ma la stagione purtroppo si doveva capire che potesse andare in vacca tra rinnovo del garante non mercato fatto n√© estivo ne invernale e in pi√π un mediocre allenatore che ha perso umilt√† e si crede Guardiola!,vacca,0
21005,@AlfredoPedulla Come buttare in vacca una carriera\n.,vacca,0
21006,"Peppe. Di Stefano ha appena mandato in vacca la notte a Limone ma vi vedo preoccupati, let Peppe cook",vacca,0
21007,@antizhanghiano_ Mi star√† pure poco simpatico ma ci credo che poi gli tocca rispondere ‚Äúcerto‚Äù ad ogni domanda.\n‚ÄòCa vacca che cacchio di domande sono‚Ä¶,vacca,0
21008,L'unica sera in cui le NFs non mandano tutto in vacca,vacca,0
21009,@TriviumPaolo @RamazzottiEros Porca vacca! @RamazzottiEros ma cosa cazzarola sto vedendo!!!!,vacca,0
21010,Ma come figlia di napoletani io vi devo fermare!! Bastaaaa!! \nSmettetela!! Fatemi fa' na grattatina porca vacca!! \nDiciamo solo:\nNon succede ma se succede ü§ûü§ûüçÄüçÄüçÄüßøüßøüßø https://t.co/YR8ubXlyEw,vacca,0
21011,Avete rotto il cazzo con sta vacca...come si dice al mio paese!! come siete pesanti x un bacio sulla guancia..non avete capito niente di Antonino!!! #gintonic,vacca,1
21012,"@CarloBotta_ questo √® un grande mistero, come si pu√≤ essere cos√¨ cinici e assassini conclamati, da nn capire che ci stanno portando all'inferno, con tutte le scarpe, \nUrsula una vacca fatta donna",vacca,0
21013,Ubaldo Pantani identico a Flavio Insinna porca vacca\n#TaliEQuali,vacca,0
21014,"@sinisam1970 @ri_not_ri @Roko435 Tua madre resta una gran vacca, per√≤. E tu uno col cazzo corto.",vacca,1
21015,@MFelysya @Retwitto_Findom @MistressPromo_ Sono onorata di essere la vacca di Miss Felysia,vacca,1
21016,"Guardate, ho timbrato la sua tetta come una vacca, ebbene si lei √© una Mia Vacca, ve la presento ""Ramona la troiona!"" @bertelli_e @Retwitto_Findom @MistressPromo_  #humiliation  #sissyfantasy #femminlizzazione #fetish #bdsm https://t.co/CviRgfcGZk",vacca,1
21017,@baxter017c Si per pulire la stalla della vacca,vacca,0
21018,"Vorrei sedermi l√¨, essere figlio di Zeus, giudicare vivi e morti, non sacrificare il toro bianco a Poseidone, accettare che mia moglie in una vacca di legno si unisca al toro, far costruire un labirinto per il figlio mezzo toro di mia moglie, essere cos√¨. https://t.co/9HQRul3iW4",vacca,0
21019,"@ironicola Porca vacca, ho rischiato di ammazzarmi. üòÇ",vacca,0
21020,"L'anticoagulante di Pfizer diventa una nuova ""vacca da mungere"" in un contesto di aumento mondiale di problemi di coagulazione del sangue\n\n- Nel 2017 Pfizer ha acquistato Eliquis, un anticoagulante.\n\n- Gli LNP( nanoparticelle lipidiche) delle loro iniezioni causano",vacca,0
21021,"@LaVeritaWeb @amendolaraf Per non  parlare   dells  scorte ...alle ...escort  e  a  qualche sronzetto afetto da logorrea parlamentare o letteraria...a cani e porci ,tranne che a chi  ne ha bisogno . In strada,  per la vacca !",vacca,0
21022,@pansypfk vacca,vacca,1
21023,"@Controcorrentv la delegata del M5S dimentica furbescamente \nche il suo capo ha dilapidato 100 miliardi di fondi pubblici per un pugno di voti, illudendo le persone\nche avrebbero potuto mungere l'Italia come una vacca dalle tette\nsmisurate, tette senza fine !!",vacca,0
21024,"Cosa faceva mentre mi diceva ‚Äúquella √® proprio una sporca, avr√† 37 malattie diverse, √® brutta, vacca e pure stupida‚Äù? \nSe la scopava üòã",vacca,1
21025,@applefruit84 @Yle56659193 Ol√®üéâüéâüéâüéâservono clip per luned√¨? Nino gi√† accoppiato alla vacca? Gi√† vedete tutti il circo che monter√† a breve? Gi√† leggete i commenti demmerda che compariranno qui a fiotti? Ok torno su Netflix,vacca,1
21026,"Davvero, porca vacca..... ü§£ https://t.co/0QRkuzaSGu",vacca,0
21027,@2ghostshearts Porca vacca anch'io voglio urlare. Ci metter√≤ tutta la nottata a recuperare la festaüò≠,vacca,0
21028,@All_New39rosmad Io ormai sono parcheggiata da Larian ma per colpa della sindrome di Stoccolma mi dispiace vedere andare tutto in vacca,vacca,0
21029,Tutti quei bonus cultura andati in vacca per It starts with us,vacca,0
21030,@RobiniaSherie L'amore se fa' in due....tu fai la vacca io faccio il bue...,vacca,1
21031,@Cinguetterai Ma porca vacca dai anche no,vacca,0
21032,@Martii002 PORCA VACCA MARTINA L‚ÄôINFARTO CHE MI HAI FATTO PRENDERE A MET√Ä DELLA FRASE https://t.co/OJC7Vj4UfL,vacca,0
21033,"@UtterMarcus @marmaz se tu sei quello che ha capito, capisco perch√© l'Italia va in vacca",vacca,0
21034,@imalessiawyse Ma porca vacca!!,vacca,0
21035,"@SicilianoSum ...appena vede una capra o una vacca, non resiste.",vacca,1
21036,@imacurvygirl60 Porca vacca ho proprio ragione ha dire che sei una bambola hai un corpo da favola,vacca,0
21037,Porca di quella troia vacca impestata. \nAbbiamo perso contro l‚ÄôEmpoli. Questo Empoli. \nI miei figli di una lurida.,vacca,0
21038,@ToroGoal A Verona c'era quella grandissima vacca non fatemi parlare,vacca,1
21039,@verstappenno @granatiere1906 @Antone2lo_ @Gabgar71 @ZZiliani Perch√© parli a quella vacca di tua madre?,vacca,1
21040,@ZelenskyyUa @vonderleyen Biden e questa vacca del cazzo...\nLi vedi?\nSaranno loro a farti fuori!,vacca,1
21041,@SabriPalermoM @CentoxCentoProd @alexmagnicxc @sabrina_monella vacca...,vacca,1
21042,@nondiregattose Perch√© prima fa la vacca in calore poi quando da fuori glielo fanno notare fa la vittima!,vacca,1
21043,"Mai fidarsi delle apparenze. All‚Äôuomo che le urlava:‚Äúvacca, vacca!‚Äù - venendole incontro col motorino - Lei rispose piccata: ‚Äútua madre e tua sorella!‚Äù.\nPoco prima che il bovino le sfondasse il parabrezza con le corna‚Ä¶",vacca,1
21044,"Buon appetito ad i ""compagni di merende"" PiDioti asservitori e zerbini dell'Europa, Comunit√† Europea, che ""quel che dice l'europa √® il ns bene""!!!!üòéüòÅ...bene cominciate voi peori!!!üòÅ...condite il tutto con lo sterco essiccato di vacca!!!...sar√† molto proteico!!!!üòÅ https://t.co/5QbdZPB6xn",vacca,0
21045,@salvatoreniggez Ma basta vacca miseria,vacca,0
21046,"6 vacca,,\n#4FRebeli√≥nContraElImperio",vacca,1
21047,Questa non √® idiota come sembra ha capito che vacca mungere. Sta preparando il terreno per Sanremo. Doveva far parlare di se e oggi lo si fa solo provocando. Che periodo miserabile. https://t.co/tDQHos6CfQ,vacca,0
21048,@Valeria80932179 @notfunnycri Cio√® lui minaccia la famiglia e poi si fanno le foto insieme tutti sorridenti? E proprio prima di entrare lei gli dice ti amo? Ragazzi ma vi rendete conto di quello che dite o cosa? Delle parole che usate bah stalker violento che minaccia ma porca vacca lavatevi la bocca,vacca,0
21049,@ravel80262268 La vacca cotonata √® insopportabile.,vacca,1
21050,"@203ceb71dfa14eb @mariolavia Non √® che buttandola in vacca, come siete soliti fare, lo schifo che dimostrate diventi meno puzzolente",vacca,0
